{"Work": 7.113685607910156, "App": 3.202263832092285, "Other": 5.0233542919158936, "Crystals": 0.9837892055511475}